<?xml version="1.0"?>
    <relation>
      <unit id="11" label="Forces and Motion">
        <topic id="27" label="Circular motion">
          <edge source="95" target="133" label="change in"></edge>
          <edge source="102" target="95" label="causes"></edge>
          <edge source="105" target="95" label="forces of"></edge>
          <edge source="106" target="95" label="causes"></edge>
          <edge source="106" target="102" label="is a"></edge>
          <edge source="110" target="100" label="type of"></edge>
          <edge source="110" target="113" label="depends"></edge>
          <edge source="110" target="129" label="depends"></edge>
          <edge source="117" target="105" label="explains"></edge>
          <edge source="117" target="120" label="one of"></edge>
          <edge source="117" target="133" label="describes"></edge>
          <edge source="118" target="95" label="describes"></edge>
          <edge source="118" target="102" label="describes"></edge>
          <edge source="118" target="113" label="describes"></edge>
          <edge source="118" target="120" label="one of"></edge>
          <edge source="119" target="102" label="describes"></edge>
          <edge source="119" target="120" label="one of"></edge>
          <edge source="122" target="100" label="type of"></edge>
          <edge source="133" target="129" label="defined as"></edge>
        </topic>
        <topic id="28" label="Falling objects">
          <edge source="95" target="133" label="change in"></edge>
          <edge source="98" target="102" label="is a"></edge>
          <edge source="98" target="106" label="opposes"></edge>
          <edge source="102" target="136" label="does"></edge>
          <edge source="106" target="95" label="increases"></edge>
          <edge source="106" target="102" label="is a"></edge>
          <edge source="106" target="113" label="pulls"></edge>
          <edge source="109" target="102" label="product of"></edge>
          <edge source="109" target="116" label="changes"></edge>
          <edge source="110" target="100" label="type of"></edge>
          <edge source="110" target="113" label="depends"></edge>
          <edge source="110" target="129" label="depends"></edge>
          <edge source="116" target="113" label="defined by"></edge>
          <edge source="116" target="133" label="defined by"></edge>
          <edge source="117" target="120" label="one of"></edge>
          <edge source="117" target="133" label="describes"></edge>
          <edge source="118" target="95" label="describes"></edge>
          <edge source="118" target="102" label="describes"></edge>
          <edge source="118" target="113" label="describes"></edge>
          <edge source="118" target="120" label="one of"></edge>
          <edge source="119" target="102" label="describes"></edge>
          <edge source="119" target="120" label="one of"></edge>
          <edge source="122" target="100" label="type of"></edge>
          <edge source="122" target="106" label="against"></edge>
          <edge source="128" target="98" label="affects"></edge>
          <edge source="128" target="111" label="affects"></edge>
          <edge source="130" target="98" label="affects"></edge>
          <edge source="133" target="129" label="defined as"></edge>
          <edge source="136" target="100" label="becomes"></edge>
        </topic>
        <topic id="29" label="Linear motion">
          <edge source="95" target="133" label="change in"></edge>
          <edge source="102" target="95" label="causes"></edge>
          <edge source="102" target="136" label="does"></edge>
          <edge source="103" target="102" label="is a"></edge>
          <edge source="103" target="113" label="slows down"></edge>
          <edge source="106" target="102" label="is a"></edge>
          <edge source="110" target="100" label="type of"></edge>
          <edge source="110" target="113" label="depends on"></edge>
          <edge source="110" target="129" label="depends on"></edge>
          <edge source="116" target="113" label="defined by"></edge>
          <edge source="116" target="133" label="defined by"></edge>
          <edge source="117" target="120" label="one of"></edge>
          <edge source="117" target="133" label="describes"></edge>
          <edge source="118" target="95" label="describes"></edge>
          <edge source="118" target="102" label="describes"></edge>
          <edge source="118" target="113" label="describes"></edge>
          <edge source="118" target="120" label="one of"></edge>
          <edge source="119" target="120" label="is one of"></edge>
          <edge source="119" target="121" label="describes"></edge>
          <edge source="121" target="102" label="is a"></edge>
          <edge source="122" target="100" label="type of"></edge>
          <edge source="133" target="129" label="defined as"></edge>
          <edge source="136" target="100" label="becomes"></edge>
        </topic>
        <topic id="30" label="Projectile motion">
          <edge source="96" target="107" label="affects"></edge>
          <edge source="96" target="133" label="affects"></edge>
          <edge source="106" target="102" label="is a"></edge>
          <edge source="117" target="102" label="describes"></edge>
          <edge source="117" target="120" label="one of"></edge>
          <edge source="117" target="133" label="describes"></edge>
          <edge source="118" target="102" label="explains"></edge>
          <edge source="118" target="120" label="one of"></edge>
          <edge source="119" target="102" label="describes"></edge>
          <edge source="119" target="120" label="one of"></edge>
          <edge source="125" target="133" label="depends on"></edge>
        </topic>
        <topic id="31" label="Rotational motion">
          <edge source="95" target="133" label="change in"></edge>
          <edge source="102" target="132" label="proportional"></edge>
          <edge source="115" target="95" label="determines"></edge>
          <edge source="115" target="113" label="depends on"></edge>
          <edge source="115" target="116" label="defines"></edge>
          <edge source="115" target="132" label="affects"></edge>
          <edge source="117" target="115" label="describes"></edge>
          <edge source="117" target="120" label="one of"></edge>
          <edge source="118" target="95" label="explains"></edge>
          <edge source="118" target="115" label="describes"></edge>
          <edge source="118" target="120" label="one of"></edge>
          <edge source="118" target="132" label="describes"></edge>
          <edge source="119" target="102" label="describes"></edge>
          <edge source="119" target="120" label="one of"></edge>
          <edge source="124" target="132" label="affects"></edge>
          <edge source="128" target="95" label="determines"></edge>
          <edge source="132" target="95" label="propotional"></edge>
          <edge source="133" target="116" label="defines"></edge>
        </topic>
      </unit>
    </relation>
