<?xml version="1.0"?>
<relation><unit id="11" label="Forces and Motion"><topic id="27" label="Circular motion"><edge source="95" target="133" label="change in"></edge><edge source="102" target="95" label="causes"></edge><edge source="105" target="95" label="is affected by"></edge><edge source="106" target="95" label="causes"></edge><edge source="106" target="102" label="is a"></edge><edge source="110" target="100" label="type of"></edge><edge source="110" target="129" label="depends"></edge><edge source="117" target="105" label="explains"></edge><edge source="117" target="120" label="one of"></edge><edge source="117" target="133" label="describes"></edge><edge source="118" target="95" label="describes"></edge><edge source="118" target="102" label="describes"></edge><edge source="118" target="120" label="one of"></edge><edge source="119" target="102" label="describes"></edge><edge source="119" target="120" label="one of"></edge><edge source="122" target="100" label="type of"></edge><edge source="133" target="129" label="defined as"></edge></topic><topic id="28" label="Falling objects"><edge source="95" target="133" label="change in"></edge><edge source="102" target="136" label="does"></edge><edge source="106" target="95" label="increases"></edge><edge source="106" target="102" label="is a"></edge><edge source="106" target="113" label="pulls"></edge><edge source="109" target="102" label="product of"></edge><edge source="109" target="116" label="changes"></edge><edge source="110" target="100" label="type of"></edge><edge source="110" target="113" label="depends"></edge><edge source="110" target="129" label="depends on"></edge><edge source="116" target="113" label="depends on"></edge><edge source="116" target="133" label="depends on"></edge><edge source="117" target="120" label="one of"></edge><edge source="117" target="133" label="describes"></edge><edge source="118" target="95" label="describes"></edge><edge source="118" target="102" label="describes"></edge><edge source="118" target="113" label="describes"></edge><edge source="118" target="120" label="one of"></edge><edge source="119" target="102" label="describes"></edge><edge source="119" target="120" label="one of"></edge><edge source="122" target="100" label="type of"></edge><edge source="128" target="98" label="affects"></edge><edge source="128" target="111" label="affects"></edge><edge source="130" target="98" label="affects"></edge><edge source="133" target="129" label="defined as"></edge><edge source="136" target="100" label="converts to"></edge><edge source="103" target="102" label="is a"></edge><edge source="103" target="113" label="slows down"></edge></topic><topic id="29" label="Linear motion"><edge source="95" target="133" label="change in"></edge><edge source="102" target="95" label="causes"></edge><edge source="102" target="136" label="does"></edge><edge source="103" target="102" label="is a"></edge><edge source="103" target="113" label="slows down"></edge><edge source="106" target="102" label="is a"></edge><edge source="110" target="100" label="type of"></edge><edge source="110" target="113" label="depends on"></edge><edge source="110" target="129" label="depends on"></edge><edge source="116" target="113" label="defined by"></edge><edge source="116" target="133" label="depends on"></edge><edge source="117" target="120" label="one of"></edge><edge source="117" target="133" label="describes"></edge><edge source="118" target="95" label="describes"></edge><edge source="118" target="102" label="describes"></edge><edge source="118" target="113" label="describes"></edge><edge source="118" target="120" label="one of"></edge><edge source="119" target="120" label="is one of"></edge><edge source="119" target="121" label="describes"></edge><edge source="121" target="102" label="is a"></edge><edge source="122" target="100" label="type of"></edge><edge source="133" target="129" label="defined as"></edge><edge source="136" target="100" label="becomes"></edge><edge source="109" target="102" label="product of"></edge><edge source="109" target="116" label="changes"></edge><edge source="103" target="99" label="affects"></edge><edge source="100" target="99" label="is affected by"></edge></topic></unit><unit id="12" label="Simple Machines"><topic id="32" label="Inclined plane"><edge source="97" target="112" label="affects"></edge><edge source="99" target="136" label="percent useful"></edge><edge source="100" target="136" label="ability to do"></edge><edge source="102" target="112" label="affects"></edge><edge source="103" target="99" label="reduces"></edge><edge source="103" target="102" label="type of"></edge><edge source="106" target="102" label="type of"></edge><edge source="110" target="100" label="type of"></edge><edge source="122" target="100" label="type of"></edge><edge source="123" target="136" label="rate of"></edge><edge source="136" target="97" label="depends on"></edge><edge source="136" target="102" label="depends on"></edge></topic><topic id="33" label="Lever"><edge source="97" target="112" label="affects"></edge><edge source="99" target="136" label="percent useful"></edge><edge source="100" target="136" label="ability to do"></edge><edge source="102" target="112" label="affects"></edge><edge source="103" target="99" label="reduces"></edge><edge source="103" target="102" label="is a"></edge><edge source="106" target="102" label="type of"></edge><edge source="110" target="100" label="type of"></edge><edge source="122" target="100" label="type of"></edge><edge source="123" target="136" label="rate of"></edge><edge source="136" target="97" label="depends on"></edge><edge source="136" target="102" label="depends on"></edge></topic><topic id="34" label="Pulley"><edge source="97" target="112" label="affects"></edge><edge source="99" target="136" label="percent useful"></edge><edge source="100" target="136" label="ability to do"></edge><edge source="102" target="112" label="affects"></edge><edge source="103" target="99" label="reduces"></edge><edge source="103" target="102" label="is a"></edge><edge source="106" target="102" label="type of"></edge><edge source="110" target="100" label="type of"></edge><edge source="122" target="100" label="type of"></edge><edge source="123" target="136" label="rate of"></edge><edge source="136" target="97" label="depends on"></edge><edge source="136" target="102" label="depends on"></edge></topic><topic id="35" label="Screw"><edge source="97" target="112" label="affects"></edge><edge source="99" target="136" label="percent useful"></edge><edge source="100" target="136" label="ability to do"></edge><edge source="102" target="112" label="affects"></edge><edge source="103" target="99" label="reduces"></edge><edge source="103" target="102" label="type of"></edge><edge source="106" target="102" label="type of"></edge><edge source="110" target="100" label="type of"></edge><edge source="122" target="100" label="type of"></edge><edge source="123" target="136" label="rate of"></edge><edge source="136" target="97" label="depends on"></edge><edge source="136" target="102" label="depends on"></edge></topic><topic id="36" label="Wedge"><edge source="97" target="112" label="affects"></edge><edge source="99" target="136" label="percent useful"></edge><edge source="100" target="136" label="ability to do"></edge><edge source="102" target="112" label="affects"></edge><edge source="103" target="99" label="reduces"></edge><edge source="103" target="102" label="type of"></edge><edge source="106" target="102" label="type of"></edge><edge source="110" target="100" label="type of"></edge><edge source="122" target="100" label="type of"></edge><edge source="123" target="136" label="rate of"></edge><edge source="136" target="97" label="depends on"></edge><edge source="136" target="102" label="depends on"></edge></topic><topic id="37" label="Wheel and Axle"><edge source="97" target="112" label="affects"></edge><edge source="99" target="136" label="percent useful"></edge><edge source="100" target="136" label="ability to do"></edge><edge source="102" target="112" label="affects"></edge><edge source="103" target="99" label="reduces"></edge><edge source="103" target="102" label="type of"></edge><edge source="106" target="102" label="type of"></edge><edge source="110" target="100" label="type of"></edge><edge source="122" target="100" label="type of"></edge><edge source="123" target="136" label="rate of"></edge><edge source="136" target="97" label="depends on"></edge><edge source="136" target="102" label="depends on"></edge></topic></unit><unit id="15" label="Simple Machines "><topic id="41" label="Inclined Plane "><edge source="97" target="112" label="affects"></edge><edge source="99" target="136" label="percent useful"></edge><edge source="100" target="136" label="ability to do"></edge><edge source="102" target="112" label="affects"></edge><edge source="103" target="99" label="reduces"></edge><edge source="103" target="102" label="type of"></edge><edge source="106" target="102" label="type of"></edge><edge source="110" target="100" label="type of"></edge><edge source="112" target="136" label="for doing"></edge><edge source="122" target="100" label="type of"></edge><edge source="123" target="136" label="rate of"></edge><edge source="136" target="97" label="depends on"></edge><edge source="136" target="102" label="depends on"></edge></topic><topic id="44" label="Lever "><edge source="97" target="112" label="affects"></edge><edge source="99" target="136" label="percent useful"></edge><edge source="100" target="136" label="ability to do"></edge><edge source="102" target="112" label="affects"></edge><edge source="103" target="99" label="reduces"></edge><edge source="103" target="102" label="is a"></edge><edge source="106" target="102" label="type of"></edge><edge source="110" target="100" label="type of"></edge><edge source="122" target="100" label="type of"></edge><edge source="123" target="136" label="rate of"></edge><edge source="136" target="97" label="depends on"></edge><edge source="136" target="102" label="depends on"></edge></topic><topic id="47" label="Pulley "><edge source="97" target="112" label="affects"></edge><edge source="99" target="136" label="percent useful"></edge><edge source="100" target="136" label="ability to do"></edge><edge source="102" target="112" label="affects"></edge><edge source="103" target="99" label="reduces"></edge><edge source="103" target="102" label="is a"></edge><edge source="106" target="102" label="type of"></edge><edge source="110" target="100" label="type of"></edge><edge source="122" target="100" label="type of"></edge><edge source="123" target="136" label="rate of"></edge><edge source="136" target="97" label="depends on"></edge><edge source="136" target="102" label="depends on"></edge></topic><topic id="50" label="Screw "><edge source="97" target="112" label="affects"></edge><edge source="99" target="136" label="percent useful"></edge><edge source="100" target="136" label="ability to do"></edge><edge source="102" target="112" label="affects"></edge><edge source="103" target="99" label="reduces"></edge><edge source="103" target="102" label="type of"></edge><edge source="106" target="102" label="type of"></edge><edge source="110" target="100" label="type of"></edge><edge source="122" target="100" label="type of"></edge><edge source="123" target="136" label="rate of"></edge><edge source="136" target="97" label="depends on"></edge><edge source="136" target="102" label="depends on"></edge></topic><topic id="53" label="Wedge "><edge source="97" target="112" label="affects"></edge><edge source="99" target="136" label="percent useful"></edge><edge source="100" target="136" label="ability to do"></edge><edge source="102" target="112" label="affects"></edge><edge source="103" target="99" label="reduces"></edge><edge source="103" target="102" label="type of"></edge><edge source="106" target="102" label="type of"></edge><edge source="110" target="100" label="type of"></edge><edge source="122" target="100" label="type of"></edge><edge source="123" target="136" label="rate of"></edge><edge source="136" target="97" label="depends on"></edge><edge source="136" target="102" label="depends on"></edge></topic><topic id="56" label="Wheel and Axle "><edge source="97" target="112" label="affects"></edge><edge source="99" target="136" label="percent useful"></edge><edge source="100" target="136" label="ability to do"></edge><edge source="102" target="112" label="affects"></edge><edge source="103" target="99" label="reduces"></edge><edge source="103" target="102" label="type of"></edge><edge source="106" target="102" label="type of"></edge><edge source="110" target="100" label="type of"></edge><edge source="122" target="100" label="type of"></edge><edge source="123" target="136" label="rate of"></edge><edge source="136" target="97" label="depends on"></edge><edge source="136" target="102" label="depends on"></edge></topic></unit><unit id="16" label="Simple Machines "><topic id="42" label="Inclined Plane "><edge source="97" target="112" label="affects"></edge><edge source="99" target="136" label="percent useful"></edge><edge source="100" target="136" label="ability to do"></edge><edge source="102" target="112" label="affects"></edge><edge source="103" target="99" label="reduces"></edge><edge source="103" target="102" label="type of"></edge><edge source="106" target="102" label="type of"></edge><edge source="110" target="100" label="type of"></edge><edge source="122" target="100" label="type of"></edge><edge source="123" target="136" label="rate of"></edge><edge source="136" target="97" label="depends on"></edge><edge source="136" target="102" label="depends on"></edge></topic><topic id="45" label="Lever "><edge source="97" target="112" label="affects"></edge><edge source="99" target="136" label="percent useful"></edge><edge source="100" target="136" label="ability to do"></edge><edge source="102" target="112" label="affects"></edge><edge source="103" target="99" label="reduces"></edge><edge source="103" target="102" label="is a"></edge><edge source="106" target="102" label="type of"></edge><edge source="110" target="100" label="type of"></edge><edge source="122" target="100" label="type of"></edge><edge source="123" target="136" label="rate of"></edge><edge source="136" target="97" label="depends on"></edge><edge source="136" target="102" label="depends on"></edge></topic><topic id="48" label="Pulley "><edge source="97" target="112" label="affects"></edge><edge source="99" target="136" label="percent useful"></edge><edge source="100" target="136" label="ability to do"></edge><edge source="102" target="112" label="affects"></edge><edge source="103" target="99" label="reduces"></edge><edge source="103" target="102" label="is a"></edge><edge source="106" target="102" label="type of"></edge><edge source="110" target="100" label="type of"></edge><edge source="122" target="100" label="type of"></edge><edge source="123" target="136" label="rate of"></edge><edge source="136" target="97" label="depends on"></edge><edge source="136" target="102" label="depends on"></edge></topic><topic id="51" label="Screw "><edge source="97" target="112" label="affects"></edge><edge source="99" target="136" label="percent useful"></edge><edge source="100" target="136" label="ability to do"></edge><edge source="102" target="112" label="affects"></edge><edge source="103" target="99" label="reduces"></edge><edge source="103" target="102" label="type of"></edge><edge source="106" target="102" label="type of"></edge><edge source="110" target="100" label="type of"></edge><edge source="122" target="100" label="type of"></edge><edge source="123" target="136" label="rate of"></edge><edge source="136" target="97" label="depends on"></edge><edge source="136" target="102" label="depends on"></edge></topic><topic id="54" label="Wedge "><edge source="97" target="112" label="affects"></edge><edge source="99" target="136" label="percent useful"></edge><edge source="100" target="136" label="ability to do"></edge><edge source="102" target="112" label="affects"></edge><edge source="103" target="99" label="reduces"></edge><edge source="103" target="102" label="type of"></edge><edge source="106" target="102" label="type of"></edge><edge source="110" target="100" label="type of"></edge><edge source="122" target="100" label="type of"></edge><edge source="123" target="136" label="rate of"></edge><edge source="136" target="97" label="depends on"></edge><edge source="136" target="102" label="depends on"></edge></topic><topic id="57" label="Wheel and Axle "><edge source="97" target="112" label="affects"></edge><edge source="99" target="136" label="percent useful"></edge><edge source="100" target="136" label="ability to do"></edge><edge source="102" target="112" label="affects"></edge><edge source="103" target="99" label="reduces"></edge><edge source="103" target="102" label="type of"></edge><edge source="106" target="102" label="type of"></edge><edge source="110" target="100" label="type of"></edge><edge source="122" target="100" label="type of"></edge><edge source="123" target="136" label="rate of"></edge><edge source="136" target="97" label="depends on"></edge><edge source="136" target="102" label="depends on"></edge></topic></unit><unit id="17" label="Simple Machines "><topic id="43" label="Inclined Plane "><edge source="97" target="99" label="ability to do"></edge><edge source="97" target="100" label="ability to do"></edge><edge source="97" target="112" label="affects"></edge><edge source="99" target="136" label="percent useful"></edge><edge source="100" target="136" label="ability to do"></edge><edge source="102" target="112" label="affects"></edge><edge source="103" target="99" label="reduces"></edge><edge source="103" target="102" label="type of"></edge><edge source="106" target="102" label="type of"></edge><edge source="110" target="100" label="type of"></edge><edge source="122" target="100" label="type of"></edge><edge source="123" target="136" label="rate of"></edge><edge source="136" target="97" label="depends on"></edge><edge source="136" target="102" label="depends on"></edge></topic><topic id="46" label="Lever "><edge source="97" target="112" label="affects"></edge><edge source="99" target="136" label="percent useful"></edge><edge source="100" target="136" label="ability to do"></edge><edge source="102" target="112" label="affects"></edge><edge source="103" target="99" label="reduces"></edge><edge source="103" target="102" label="is a"></edge><edge source="106" target="102" label="type of"></edge><edge source="110" target="100" label="type of"></edge><edge source="122" target="100" label="type of"></edge><edge source="123" target="136" label="rate of"></edge><edge source="136" target="97" label="depends on"></edge><edge source="136" target="102" label="depends on"></edge></topic><topic id="49" label="Pulley "><edge source="97" target="112" label="affects"></edge><edge source="99" target="136" label="percent useful"></edge><edge source="100" target="136" label="ability to do"></edge><edge source="102" target="112" label="affects"></edge><edge source="103" target="99" label="reduces"></edge><edge source="103" target="102" label="is a"></edge><edge source="106" target="102" label="type of"></edge><edge source="110" target="100" label="type of"></edge><edge source="122" target="100" label="type of"></edge><edge source="123" target="136" label="rate of"></edge><edge source="136" target="97" label="depends on"></edge><edge source="136" target="102" label="depends on"></edge></topic><topic id="52" label="Screw "><edge source="97" target="112" label="affects"></edge><edge source="99" target="136" label="percent useful"></edge><edge source="100" target="136" label="ability to do"></edge><edge source="102" target="112" label="affects"></edge><edge source="103" target="99" label="reduces"></edge><edge source="103" target="102" label="type of"></edge><edge source="106" target="102" label="type of"></edge><edge source="110" target="100" label="type of"></edge><edge source="122" target="100" label="type of"></edge><edge source="123" target="136" label="rate of"></edge><edge source="136" target="97" label="depends on"></edge><edge source="136" target="102" label="depends on"></edge></topic><topic id="55" label="Wedge "><edge source="97" target="112" label="affects"></edge><edge source="99" target="136" label="percent useful"></edge><edge source="100" target="136" label="ability to do"></edge><edge source="102" target="112" label="affects"></edge><edge source="103" target="99" label="reduces"></edge><edge source="103" target="102" label="type of"></edge><edge source="106" target="102" label="type of"></edge><edge source="110" target="100" label="type of"></edge><edge source="122" target="100" label="type of"></edge><edge source="123" target="136" label="rate of"></edge><edge source="136" target="97" label="depends on"></edge><edge source="136" target="102" label="depends on"></edge></topic><topic id="58" label="Wheel and Axle "><edge source="97" target="112" label="affects"></edge><edge source="100" target="136" label="ability to do"></edge><edge source="102" target="112" label="affects"></edge><edge source="103" target="99" label="reduces"></edge><edge source="103" target="102" label="type of"></edge><edge source="106" target="102" label="type of"></edge><edge source="110" target="100" label="type of"></edge><edge source="122" target="100" label="type of"></edge><edge source="123" target="136" label="rate of"></edge><edge source="136" target="97" label="depends on"></edge><edge source="136" target="102" label="depends on"></edge></topic></unit><unit id="18" label="Simple Machines "><topic id="60" label="Inclined Plane "><edge source="97" target="112" label="affects"></edge><edge source="99" target="136" label="percent useful"></edge><edge source="100" target="136" label="ability to do"></edge><edge source="102" target="112" label="affects"></edge><edge source="103" target="99" label="reduces"></edge><edge source="103" target="102" label="type of"></edge><edge source="106" target="102" label="type of"></edge><edge source="110" target="100" label="type of"></edge><edge source="112" target="136" label="for doing"></edge><edge source="122" target="100" label="type of"></edge><edge source="123" target="136" label="rate of"></edge><edge source="136" target="97" label="depends on"></edge><edge source="136" target="102" label="depends on"></edge></topic><topic id="61" label="Wedge "><edge source="97" target="112" label="affects"></edge><edge source="99" target="136" label="percent useful"></edge><edge source="100" target="136" label="ability to do"></edge><edge source="102" target="112" label="affects"></edge><edge source="103" target="99" label="reduces"></edge><edge source="103" target="102" label="type of"></edge><edge source="106" target="102" label="type of"></edge><edge source="110" target="100" label="type of"></edge><edge source="122" target="100" label="type of"></edge><edge source="123" target="136" label="rate of"></edge><edge source="136" target="97" label="depends on"></edge><edge source="136" target="102" label="depends on"></edge></topic><topic id="62" label="Wheel and Axle "><edge source="97" target="112" label="affects"></edge><edge source="99" target="136" label="percent useful"></edge><edge source="100" target="136" label="ability to do"></edge><edge source="102" target="112" label="affects"></edge><edge source="103" target="99" label="reduces"></edge><edge source="103" target="102" label="type of"></edge><edge source="106" target="102" label="type of"></edge><edge source="110" target="100" label="type of"></edge><edge source="122" target="100" label="type of"></edge><edge source="123" target="136" label="rate of"></edge><edge source="136" target="97" label="depends on"></edge><edge source="136" target="102" label="depends on"></edge></topic><topic id="63" label="Screw "><edge source="97" target="112" label="affects"></edge><edge source="99" target="136" label="percent useful"></edge><edge source="100" target="136" label="ability to do"></edge><edge source="102" target="112" label="affects"></edge><edge source="103" target="99" label="reduces"></edge><edge source="103" target="102" label="type of"></edge><edge source="106" target="102" label="type of"></edge><edge source="110" target="100" label="type of"></edge><edge source="122" target="100" label="type of"></edge><edge source="123" target="136" label="rate of"></edge><edge source="136" target="97" label="depends on"></edge><edge source="136" target="102" label="depends on"></edge></topic><topic id="64" label="Lever "><edge source="97" target="112" label="affects"></edge><edge source="99" target="136" label="percent useful"></edge><edge source="100" target="136" label="ability to do"></edge><edge source="102" target="112" label="affects"></edge><edge source="103" target="99" label="reduces"></edge><edge source="103" target="102" label="is a"></edge><edge source="106" target="102" label="type of"></edge><edge source="110" target="100" label="type of"></edge><edge source="122" target="100" label="type of"></edge><edge source="123" target="136" label="rate of"></edge><edge source="136" target="97" label="depends on"></edge><edge source="136" target="102" label="depends on"></edge></topic><topic id="65" label="Pulley "><edge source="97" target="112" label="affects"></edge><edge source="99" target="136" label="percent useful"></edge><edge source="100" target="136" label="ability to do"></edge><edge source="102" target="112" label="affects"></edge><edge source="103" target="99" label="reduces"></edge><edge source="103" target="102" label="is a"></edge><edge source="106" target="102" label="type of"></edge><edge source="110" target="100" label="type of"></edge><edge source="122" target="100" label="type of"></edge><edge source="123" target="136" label="rate of"></edge><edge source="136" target="97" label="depends on"></edge><edge source="136" target="102" label="depends on"></edge></topic></unit></relation>
