<?xml version="1.0"?>
    <relation>
        <unit id="18" label="Simple Machines ">
	<sub_unit id="3" label=" Inclined Plane Family ">
        <topic id="60" label="Inclined Plane ">
          <edge source="97" target="112" label="affects"></edge>
          <edge source="99" target="136" label="percent useful"></edge>
          <edge source="100" target="136" label="ability to do"></edge>
          <edge source="102" target="112" label="affects"></edge>
          <edge source="103" target="99" label="reduces"></edge>
          <edge source="103" target="102" label="type of"></edge>
          <edge source="106" target="102" label="type of"></edge>
          <edge source="110" target="100" label="type of"></edge>
          <edge source="112" target="136" label="for doing"></edge>
          <edge source="122" target="100" label="type of"></edge>
          <edge source="123" target="136" label="rate of"></edge>
          <edge source="136" target="97" label="depends on"></edge>
          <edge source="136" target="102" label="depends on"></edge>
        </topic>
        <topic id="63" label="Screw ">
          <edge source="97" target="112" label="affects"></edge>
          <edge source="99" target="136" label="percent useful"></edge>
          <edge source="100" target="136" label="ability to do"></edge>
          <edge source="102" target="112" label="affects"></edge>
          <edge source="103" target="99" label="reduces"></edge>
          <edge source="103" target="102" label="type of"></edge>
          <edge source="106" target="102" label="type of"></edge>
          <edge source="110" target="100" label="type of"></edge>
          <edge source="122" target="100" label="type of"></edge>
          <edge source="123" target="136" label="rate of"></edge>
          <edge source="136" target="97" label="depends on"></edge>
          <edge source="136" target="102" label="depends on"></edge>
        </topic>
        <topic id="61" label="Wedge ">
          <edge source="97" target="112" label="affects"></edge>
          <edge source="99" target="136" label="percent useful"></edge>
          <edge source="100" target="136" label="ability to do"></edge>
          <edge source="102" target="112" label="affects"></edge>
          <edge source="103" target="99" label="reduces"></edge>
          <edge source="103" target="102" label="type of"></edge>
          <edge source="106" target="102" label="type of"></edge>
          <edge source="110" target="100" label="type of"></edge>
          <edge source="122" target="100" label="type of"></edge>
          <edge source="123" target="136" label="rate of"></edge>
          <edge source="136" target="97" label="depends on"></edge>
          <edge source="136" target="102" label="depends on"></edge>
        </topic>
	</sub_unit>
	<sub_unit id="4" label="Lever Family ">
        <topic id="64" label="Lever ">
          <edge source="97" target="112" label="affects"></edge>
          <edge source="99" target="136" label="percent useful"></edge>
          <edge source="100" target="136" label="ability to do"></edge>
          <edge source="102" target="112" label="affects"></edge>
          <edge source="103" target="99" label="reduces"></edge>
          <edge source="103" target="102" label="is a"></edge>
          <edge source="106" target="102" label="type of"></edge>
          <edge source="110" target="100" label="type of"></edge>
          <edge source="122" target="100" label="type of"></edge>
          <edge source="123" target="136" label="rate of"></edge>
          <edge source="136" target="97" label="depends on"></edge>
          <edge source="136" target="102" label="depends on"></edge>
        </topic>
        <topic id="65" label="Pulley ">
          <edge source="97" target="112" label="affects"></edge>
          <edge source="99" target="136" label="percent useful"></edge>
          <edge source="100" target="136" label="ability to do"></edge>
          <edge source="102" target="112" label="affects"></edge>
          <edge source="103" target="99" label="reduces"></edge>
          <edge source="103" target="102" label="is a"></edge>
          <edge source="106" target="102" label="type of"></edge>
          <edge source="110" target="100" label="type of"></edge>
          <edge source="122" target="100" label="type of"></edge>
          <edge source="123" target="136" label="rate of"></edge>
          <edge source="136" target="97" label="depends on"></edge>
          <edge source="136" target="102" label="depends on"></edge>
        </topic>
        <topic id="62" label="Wheel and Axle ">
          <edge source="97" target="112" label="affects"></edge>
          <edge source="99" target="136" label="percent useful"></edge>
          <edge source="100" target="136" label="ability to do"></edge>
          <edge source="102" target="112" label="affects"></edge>
          <edge source="103" target="99" label="reduces"></edge>
          <edge source="103" target="102" label="type of"></edge>
          <edge source="106" target="102" label="type of"></edge>
          <edge source="110" target="100" label="type of"></edge>
          <edge source="122" target="100" label="type of"></edge>
          <edge source="123" target="136" label="rate of"></edge>
          <edge source="136" target="97" label="depends on"></edge>
          <edge source="136" target="102" label="depends on"></edge>
        </topic>
	</sub_unit>
      </unit>
 </relation>