 <?xml version="1.0" ?> 
<relation>
<unit id="11" label="Forces and Motion">
<topic id="27" label="Circular motion">
  <edge source="95" target="133" label="change in" /> 
  <edge source="102" target="95" label="causes" /> 
  <edge source="105" target="95" label="is affected by" /> 
  <edge source="106" target="95" label="causes" /> 
  <edge source="106" target="102" label="is a" /> 
  <edge source="110" target="100" label="type of" /> 
  <edge source="110" target="129" label="depends" /> 
  <edge source="117" target="105" label="explains" /> 
  <edge source="117" target="120" label="one of" /> 
  <edge source="117" target="133" label="describes" /> 
  <edge source="118" target="95" label="describes" /> 
  <edge source="118" target="102" label="describes" /> 
  <edge source="118" target="120" label="one of" /> 
  <edge source="119" target="102" label="describes" /> 
  <edge source="119" target="120" label="one of" /> 
  <edge source="122" target="100" label="type of" /> 
  <edge source="133" target="129" label="defined as" /> 
  </topic>
<topic id="28" label="Falling objects">
  <edge source="95" target="133" label="change in" /> 
  <edge source="102" target="136" label="does" /> 
  <edge source="106" target="95" label="increases" /> 
  <edge source="106" target="102" label="is a" /> 
  <edge source="106" target="113" label="pulls" /> 
  <edge source="109" target="102" label="product of" /> 
  <edge source="109" target="116" label="changes" /> 
  <edge source="110" target="100" label="type of" /> 
  <edge source="110" target="113" label="depends" /> 
  <edge source="110" target="129" label="depends on" /> 
  <edge source="116" target="113" label="depends on" /> 
  <edge source="116" target="133" label="depends on" /> 
  <edge source="117" target="120" label="one of" /> 
  <edge source="117" target="133" label="describes" /> 
  <edge source="118" target="95" label="describes" /> 
  <edge source="118" target="102" label="describes" /> 
  <edge source="118" target="113" label="describes" /> 
  <edge source="118" target="120" label="one of" /> 
  <edge source="119" target="102" label="describes" /> 
  <edge source="119" target="120" label="one of" /> 
  <edge source="122" target="100" label="type of" /> 
  <edge source="133" target="129" label="defined as" /> 
  <edge source="136" target="100" label="converts to" /> 
  <edge source="103" target="102" label="is a" /> 
  <edge source="103" target="113" label="slows down" /> 
  </topic>
<topic id="29" label="Linear motion">
  <edge source="95" target="133" label="change in" /> 
  <edge source="102" target="95" label="causes" /> 
  <edge source="102" target="136" label="does" /> 
  <edge source="103" target="102" label="is a" /> 
  <edge source="103" target="113" label="slows down" /> 
  <edge source="106" target="102" label="is a" /> 
  <edge source="110" target="100" label="type of" /> 
  <edge source="110" target="113" label="depends on" /> 
  <edge source="110" target="129" label="depends on" /> 
  <edge source="116" target="113" label="defined by" /> 
  <edge source="116" target="133" label="depends on" /> 
  <edge source="117" target="120" label="one of" /> 
  <edge source="117" target="133" label="describes" /> 
  <edge source="118" target="95" label="describes" /> 
  <edge source="118" target="102" label="describes" /> 
  <edge source="118" target="113" label="describes" /> 
  <edge source="118" target="120" label="one of" /> 
  <edge source="119" target="120" label="is one of" /> 
  <edge source="119" target="121" label="describes" /> 
  <edge source="121" target="102" label="is a" /> 
  <edge source="122" target="100" label="type of" /> 
  <edge source="133" target="129" label="defined as" /> 
  <edge source="136" target="100" label="becomes" /> 
  <edge source="109" target="102" label="product of" /> 
  <edge source="109" target="116" label="changes" /> 
  <edge source="103" target="99" label="affects" /> 
  <edge source="100" target="99" label="is affected by" /> 
  </topic>


      </unit>
    </relation>
