<?xml version="1.0"?>
<concepts><concept id="95" label="acceleration"></concept><concept id="96" label="angle"></concept><concept id="97" label="distance"></concept><concept id="98" label="drag"></concept><concept id="99" label="efficiency"></concept><concept id="100" label="energy"></concept><concept id="102" label="force"></concept><concept id="103" label="friction"></concept><concept id="105" label="G forces"></concept><concept id="106" label="gravity"></concept><concept id="107" label="height"></concept><concept id="109" label="impulse"></concept><concept id="110" label="kinetic energy"></concept><concept id="111" label="lift"></concept><concept id="112" label="MA"></concept><concept id="113" label="mass"></concept><concept id="115" label="moment of inertia"></concept><concept id="116" label="momentum"></concept><concept id="117" label="Newton's 1st law"></concept><concept id="118" label="Newton's 2nd law"></concept><concept id="119" label="Newton's 3rd law"></concept><concept id="120" label="Newton's laws"></concept><concept id="121" label="normal force"></concept><concept id="122" label="potential energy"></concept><concept id="123" label="power"></concept><concept id="124" label="radius"></concept><concept id="125" label="range"></concept><concept id="128" label="shape"></concept><concept id="129" label="Speed"></concept><concept id="130" label="surface area"></concept><concept id="132" label="torque"></concept><concept id="133" label="Velocity"></concept><concept id="136" label="work"></concept></concepts>
