<?xml version="1.0"?>
<examples><example id="4" label="Work in a Wheelchair Ramp"><concept id="136"></concept></example><example id="5" label="Wheelchair Ramp as an Inclined Plane"></example><example id="6" label="Distance in a Wheelchair Ramp"><concept id="97"></concept></example><example id="7" label="Energy in a Sledding Hill"><concept id="100"></concept></example><example id="8" label="Force in a Wheelchair Ramp"><concept id="102"></concept></example><example id="9" label="Friction in a Wheelchair Ramp"><concept id="103"></concept></example><example id="10" label="Friction in a Sledding Hill"><concept id="103"></concept></example><example id="11" label="Gravity in a Wheelchair Ramp"><concept id="106"></concept></example><example id="12" label="Gravity in a Sledding Hill"><concept id="106"></concept></example><example id="13" label="Kinetic Energy in a Sledding Hill"><concept id="110"></concept></example><example id="14" label="Mechanical Advantage in a Wheelchair Ramp"><concept id="112"></concept></example><example id="15" label="Potential Energy in a Sledding Hill"><concept id="122"></concept></example><example id="16" label="Power in a Wheelchair Ramp"><concept id="123"></concept></example><example id="17" label="Sledding Hill as an Inclined Plane"></example><example id="18" label="Efficiency in a Wheelchair Ramp"><concept id="99"></concept></example><example id="19" label="Distance in a Tree House Pulley"><concept id="97"></concept></example><example id="20" label="Efficiency in a Tree House Pulley"><concept id="99"></concept></example><example id="21" label="Energy in a Tree House Pulley"><concept id="100"></concept></example><example id="22" label="Force in a Tree House Pulley"><concept id="102"></concept></example><example id="23" label="Friction in a Tree House Pulley"><concept id="103"></concept></example><example id="24" label="Gravity in a Tree House Pulley"><concept id="106"></concept></example><example id="25" label="Kinetic Energy in a Tree House Pulley"><concept id="110"></concept></example><example id="26" label="Mechanical Advantage in a Tree House Pulley"><concept id="112"></concept></example><example id="27" label="Potential Energy in a Tree House Pulley"><concept id="122"></concept></example><example id="28" label="Power in a Tree House Pulley"><concept id="123"></concept></example><example id="29" label="Work in a Tree House Pulley"><concept id="136"></concept></example><example id="30" label="A Tree House Pulley"></example><example id="31" label="Energy in a Sledding Hill"><concept id="100"></concept></example><example id="32" label="Kinetic Energy in a Sledding Hill"><concept id="110"></concept></example><example id="33" label="Potential Energy in a Sledding Hill"><concept id="122"></concept></example><example id="34" label="Power in a Wheelchair Ramp"><concept id="123"></concept></example><example id="35" label="Gravity in a Sledding Hill"><concept id="106"></concept></example></examples>
